employeeid,name,surname,email,phonenumber,hiredate,salary,departmentid,isactive,jobtitle,country
6,Aditi,Sharma,aditi.sharma@example.com,9876543210,15-02-2019,45000,1,TRUE,Software Engineer,India
7,Rohan,Verma,rohan.verma@example.com,9123456789,10-03-2020,50000,2,TRUE,HR Manager,India
8,Priya,Singh,priya.singh@example.com,9987654321,18-05-2018,60000,0,FALSE,Financial Analyst,U.S.A
9,Sameer,Patel,sameer.patel@example.com,9812345678,24-09-2021,35000,1,TRUE,QA Engineer,India
10,Kavita,Mehta,kavita.mehta@example.com,9887654321,14-01-2022,40000,4,TRUE,Marketing Executive,India
11,Ankit,Chawla,ankit.chawla@example.com,9823456789,30-07-2017,128536.82,0,FALSE,Business Analyst,U.S.A
12,Sunita,Yadav,sunita.yadav@example.com,9843216547,01-06-2020,30000,5,TRUE,Administrative Assistant,India
13,Vikram,Joshi,vikram.joshi@example.com,9876542100,19-12-2021,65000,2,TRUE,Project Manager,India
14,Neha,Kapoor,neha.kapoor@example.com,9988765432,22-11-2019,42000,4,TRUE,Digital Marketing Specialist,India
15,Pankaj,Deshmukh,pankaj.deshmukh@example.com,9811234567,05-04-2020,37000,1,TRUE,Software Tester,India
16,Divya,Agarwal,divya.agarwal@example.com,9821123456,27-09-2018,83977.4,0,FALSE,Data Analyst,U.S.A
17,Ajay,Bansal,ajay.bansal@example.com,9945678901,13-07-2021,59000,2,TRUE,Recruitment Specialist,India
18,Rajesh,Nair,rajesh.nair@example.com,9976543210,25-04-2017,64000,1,TRUE,DevOps Engineer,India
19,Swati,Iyer,swati.iyer@example.com,9954321987,11-08-2019,33000,5,TRUE,Office Manager,India
20,Gaurav,Gupta,gaurav.gupta@example.com,9921345678,07-02-2022,67000,2,TRUE,Sales Manager,India
21,Nisha,Kulkarni,nisha.kulkarni@example.com,9943218765,16-03-2018,41000,0,FALSE,Content Writer,U.S.A
22,Alok,Chauhan,alok.chauhan@example.com,9911223344,05-11-2020,72000,3,TRUE,Senior Consultant,India
23,Sakshi,Rao,sakshi.rao@example.com,9998765432,21-03-2021,62000,1,TRUE,Software Architect,India
24,Manish,Ghosh,manish.ghosh@example.com,9845671234,29-05-2022,36000,4,TRUE,Graphic Designer,India
25,Vandana,Shetty,vandana.shetty@example.com,9876123450,31-12-2017,47000,2,TRUE,HR Executive,India
26,Rahul,Bhatt,rahul.bhatt@example.com,9922345678,23-11-2021,55000,3,TRUE,Financial Consultant,India
28,Abhinav,Tiwari,abhinav.tiwari@example.com,9945678234,27-06-2019,58000,5,TRUE,Executive Assistant,India
29,Deepak,Reddy,deepak.reddy@example.com,9887650987,13-11-2018,54000,0,FALSE,Marketing Manager,U.S.A
30,Meena,Goel,meena.goel@example.com,9934567890,09-03-2017,39000,2,TRUE,HR Specialist,India
31,Karan,Batra,karan.batra@example.com,9912345670,07-10-2020,61000,3,TRUE,Data Scientist,India
32,Arjun,Desai,arjun.desai@example.com,9876234510,12-08-2021,44000,1,TRUE,Backend Developer,India
33,Sanya,Roy,sanya.roy@example.com,9965432109,14-06-2022,48000,4,TRUE,Content Manager,India
34,Praveen,Kumar,praveen.kumar@example.com,9976432101,30-05-2018,70000,2,TRUE,Operations Manager,India
35,Shruti,Malhotra,shruti.malhotra@example.com,9876103452,16-10-2019,34000,5,TRUE,Administrative Coordinator,India
36,Rakesh,Naik,rakesh.naik@example.com,9998123456,28-02-2017,56000,1,TRUE,Mobile App Developer,India
37,Rekha,Chatterjee,rekha.chatterjee@example.com,9981765432,11-05-2021,38000,3,TRUE,Business Development Executive,India
38,Mohit,Aggarwal,mohit.aggarwal@example.com,9911234789,24-08-2020,66000,4,TRUE,Product Manager,India
39,Tara,Pillai,tara.pillai@example.com,9876432187,18-04-2019,35000,5,TRUE,Event Coordinator,India
40,Vikas,Trivedi,vikas.trivedi@example.com,9943216789,01-09-2018,54000,1,TRUE,Frontend Developer,India
41,Shalini,Anand,shalini.anand@example.com,9998764521,03-03-2022,52000,4,TRUE,PR Manager,India
42,Nitin,Jain,nitin.jain@example.com,9912234567,28-01-2020,61000,3,TRUE,Financial Planner,India
45,Sandeep,Singh,sandeep.singh@example.com,9845123456,10-09-2019,50000,4,TRUE,HR Manager,India
47,Amit,Gupta,amit.gupta@example.com,9876541234,29-03-2017,80000,1,TRUE,Project Manager,India
48,Sneha,Kapoor,sneha.kapoor@example.com,9812349876,01-06-2022,55000,2,TRUE,Business Analyst,India
49,Kiran,Desai,kiran.desai@example.com,9876545678,19-07-2020,40000,0,FALSE,Graphic Designer,U.S.A
50,Ravi,Joshi,ravi.joshi@example.com,9812365432,25-12-2018,68000,0,FALSE,Network Administrator,U.S.A
51,Nisha,Rao,nisha.rao@example.com,9823456780,05-10-2019,45000,2,TRUE,Software Tester,India
52,Pooja,Mehta,pooja.mehta@example.com,9812367890,10-03-2021,53000,0,FALSE,Financial Analyst,U.S.A
53,Arjun,Nair,arjun.nair@example.com,9876501234,30-08-2020,60000,2,TRUE,System Administrator,India
54,Vikas,Patel,vikas.patel@example.com,9876512345,22-07-2017,75000,1,TRUE,Senior Software Engineer,India
